[{"pk": 3, "model": "weave.datafilter", "fields": {"key_unit_type": 15, "name": "Middle Schools", "file": "data_filter_files/Middle.csv"}}, {"pk": 4, "model": "weave.datafilter", "fields": {"key_unit_type": 15, "name": "High Schools", "file": "data_filter_files/High.csv"}}, {"pk": 1, "model": "weave.datafilter", "fields": {"key_unit_type": 15, "name": "Elementary Schools", "file": "data_filter_files/Elementary.csv"}}, {"pk": 2, "model": "weave.datafilter", "fields": {"key_unit_type": 15, "name": "Providence Elem. Schools", "file": "data_filter_files/ProvidenceElem.csv"}}, {"pk": 235, "model": "weave.datafilterkey", "fields": {"key_value": "18101", "data_filter": 3}}, {"pk": 236, "model": "weave.datafilterkey", "fields": {"key_value": "23601", "data_filter": 3}}, {"pk": 237, "model": "weave.datafilterkey", "fields": {"key_value": "28601", "data_filter": 3}}, {"pk": 238, "model": "weave.datafilterkey", "fields": {"key_value": "28602", "data_filter": 3}}, {"pk": 239, "model": "weave.datafilterkey", "fields": {"key_value": "22101", "data_filter": 3}}, {"pk": 240, "model": "weave.datafilterkey", "fields": {"key_value": "28170", "data_filter": 3}}, {"pk": 241, "model": "weave.datafilterkey", "fields": {"key_value": "28702", "data_filter": 3}}, {"pk": 242, "model": "weave.datafilterkey", "fields": {"key_value": "07702", "data_filter": 3}}, {"pk": 243, "model": "weave.datafilterkey", "fields": {"key_value": "01108", "data_filter": 3}}, {"pk": 244, "model": "weave.datafilterkey", "fields": {"key_value": "03104", "data_filter": 3}}, {"pk": 245, "model": "weave.datafilterkey", "fields": {"key_value": "04115", "data_filter": 3}}, {"pk": 246, "model": "weave.datafilterkey", "fields": {"key_value": "04602", "data_filter": 3}}, {"pk": 247, "model": "weave.datafilterkey", "fields": {"key_value": "06104", "data_filter": 3}}, {"pk": 248, "model": "weave.datafilterkey", "fields": {"key_value": "07115", "data_filter": 3}}, {"pk": 249, "model": "weave.datafilterkey", "fields": {"key_value": "07123", "data_filter": 3}}, {"pk": 250, "model": "weave.datafilterkey", "fields": {"key_value": "07129", "data_filter": 3}}, {"pk": 251, "model": "weave.datafilterkey", "fields": {"key_value": "08115", "data_filter": 3}}, {"pk": 252, "model": "weave.datafilterkey", "fields": {"key_value": "08116", "data_filter": 3}}, {"pk": 253, "model": "weave.datafilterkey", "fields": {"key_value": "09103", "data_filter": 3}}, {"pk": 254, "model": "weave.datafilterkey", "fields": {"key_value": "10109", "data_filter": 3}}, {"pk": 255, "model": "weave.datafilterkey", "fields": {"key_value": "10122", "data_filter": 3}}, {"pk": 256, "model": "weave.datafilterkey", "fields": {"key_value": "15101", "data_filter": 3}}, {"pk": 257, "model": "weave.datafilterkey", "fields": {"key_value": "16111", "data_filter": 3}}, {"pk": 258, "model": "weave.datafilterkey", "fields": {"key_value": "17117", "data_filter": 3}}, {"pk": 259, "model": "weave.datafilterkey", "fields": {"key_value": "19114", "data_filter": 3}}, {"pk": 260, "model": "weave.datafilterkey", "fields": {"key_value": "20103", "data_filter": 3}}, {"pk": 261, "model": "weave.datafilterkey", "fields": {"key_value": "21106", "data_filter": 3}}, {"pk": 262, "model": "weave.datafilterkey", "fields": {"key_value": "23105", "data_filter": 3}}, {"pk": 263, "model": "weave.datafilterkey", "fields": {"key_value": "23112", "data_filter": 3}}, {"pk": 264, "model": "weave.datafilterkey", "fields": {"key_value": "24111", "data_filter": 3}}, {"pk": 265, "model": "weave.datafilterkey", "fields": {"key_value": "24112", "data_filter": 3}}, {"pk": 266, "model": "weave.datafilterkey", "fields": {"key_value": "25109", "data_filter": 3}}, {"pk": 267, "model": "weave.datafilterkey", "fields": {"key_value": "26103", "data_filter": 3}}, {"pk": 268, "model": "weave.datafilterkey", "fields": {"key_value": "26106", "data_filter": 3}}, {"pk": 269, "model": "weave.datafilterkey", "fields": {"key_value": "26107", "data_filter": 3}}, {"pk": 270, "model": "weave.datafilterkey", "fields": {"key_value": "27112", "data_filter": 3}}, {"pk": 271, "model": "weave.datafilterkey", "fields": {"key_value": "28137", "data_filter": 3}}, {"pk": 272, "model": "weave.datafilterkey", "fields": {"key_value": "28143", "data_filter": 3}}, {"pk": 273, "model": "weave.datafilterkey", "fields": {"key_value": "28144", "data_filter": 3}}, {"pk": 274, "model": "weave.datafilterkey", "fields": {"key_value": "28145", "data_filter": 3}}, {"pk": 275, "model": "weave.datafilterkey", "fields": {"key_value": "28146", "data_filter": 3}}, {"pk": 276, "model": "weave.datafilterkey", "fields": {"key_value": "28147", "data_filter": 3}}, {"pk": 277, "model": "weave.datafilterkey", "fields": {"key_value": "28167", "data_filter": 3}}, {"pk": 278, "model": "weave.datafilterkey", "fields": {"key_value": "28172", "data_filter": 3}}, {"pk": 279, "model": "weave.datafilterkey", "fields": {"key_value": "28182", "data_filter": 3}}, {"pk": 280, "model": "weave.datafilterkey", "fields": {"key_value": "30105", "data_filter": 3}}, {"pk": 281, "model": "weave.datafilterkey", "fields": {"key_value": "31109", "data_filter": 3}}, {"pk": 282, "model": "weave.datafilterkey", "fields": {"key_value": "32110", "data_filter": 3}}, {"pk": 283, "model": "weave.datafilterkey", "fields": {"key_value": "32114", "data_filter": 3}}, {"pk": 284, "model": "weave.datafilterkey", "fields": {"key_value": "33110", "data_filter": 3}}, {"pk": 285, "model": "weave.datafilterkey", "fields": {"key_value": "35118", "data_filter": 3}}, {"pk": 286, "model": "weave.datafilterkey", "fields": {"key_value": "35120", "data_filter": 3}}, {"pk": 287, "model": "weave.datafilterkey", "fields": {"key_value": "35139", "data_filter": 3}}, {"pk": 288, "model": "weave.datafilterkey", "fields": {"key_value": "36103", "data_filter": 3}}, {"pk": 289, "model": "weave.datafilterkey", "fields": {"key_value": "38107", "data_filter": 3}}, {"pk": 290, "model": "weave.datafilterkey", "fields": {"key_value": "39115", "data_filter": 3}}, {"pk": 291, "model": "weave.datafilterkey", "fields": {"key_value": "96112", "data_filter": 3}}, {"pk": 292, "model": "weave.datafilterkey", "fields": {"key_value": "97105", "data_filter": 3}}, {"pk": 293, "model": "weave.datafilterkey", "fields": {"key_value": "98103", "data_filter": 3}}, {"pk": 294, "model": "weave.datafilterkey", "fields": {"key_value": "99101", "data_filter": 3}}, {"pk": 295, "model": "weave.datafilterkey", "fields": {"key_value": "22101", "data_filter": 4}}, {"pk": 296, "model": "weave.datafilterkey", "fields": {"key_value": "28170", "data_filter": 4}}, {"pk": 297, "model": "weave.datafilterkey", "fields": {"key_value": "28702", "data_filter": 4}}, {"pk": 298, "model": "weave.datafilterkey", "fields": {"key_value": "01106", "data_filter": 4}}, {"pk": 299, "model": "weave.datafilterkey", "fields": {"key_value": "03109", "data_filter": 4}}, {"pk": 300, "model": "weave.datafilterkey", "fields": {"key_value": "04108", "data_filter": 4}}, {"pk": 301, "model": "weave.datafilterkey", "fields": {"key_value": "06119", "data_filter": 4}}, {"pk": 302, "model": "weave.datafilterkey", "fields": {"key_value": "07113", "data_filter": 4}}, {"pk": 303, "model": "weave.datafilterkey", "fields": {"key_value": "07126", "data_filter": 4}}, {"pk": 304, "model": "weave.datafilterkey", "fields": {"key_value": "07135", "data_filter": 4}}, {"pk": 305, "model": "weave.datafilterkey", "fields": {"key_value": "08114", "data_filter": 4}}, {"pk": 306, "model": "weave.datafilterkey", "fields": {"key_value": "09106", "data_filter": 4}}, {"pk": 307, "model": "weave.datafilterkey", "fields": {"key_value": "10112", "data_filter": 4}}, {"pk": 308, "model": "weave.datafilterkey", "fields": {"key_value": "16112", "data_filter": 4}}, {"pk": 309, "model": "weave.datafilterkey", "fields": {"key_value": "17110", "data_filter": 4}}, {"pk": 310, "model": "weave.datafilterkey", "fields": {"key_value": "17701", "data_filter": 4}}, {"pk": 311, "model": "weave.datafilterkey", "fields": {"key_value": "19111", "data_filter": 4}}, {"pk": 312, "model": "weave.datafilterkey", "fields": {"key_value": "20104", "data_filter": 4}}, {"pk": 313, "model": "weave.datafilterkey", "fields": {"key_value": "21111", "data_filter": 4}}, {"pk": 314, "model": "weave.datafilterkey", "fields": {"key_value": "23108", "data_filter": 4}}, {"pk": 315, "model": "weave.datafilterkey", "fields": {"key_value": "24105", "data_filter": 4}}, {"pk": 316, "model": "weave.datafilterkey", "fields": {"key_value": "25108", "data_filter": 4}}, {"pk": 317, "model": "weave.datafilterkey", "fields": {"key_value": "26105", "data_filter": 4}}, {"pk": 318, "model": "weave.datafilterkey", "fields": {"key_value": "26109", "data_filter": 4}}, {"pk": 319, "model": "weave.datafilterkey", "fields": {"key_value": "26118", "data_filter": 4}}, {"pk": 320, "model": "weave.datafilterkey", "fields": {"key_value": "26602", "data_filter": 4}}, {"pk": 321, "model": "weave.datafilterkey", "fields": {"key_value": "27106", "data_filter": 4}}, {"pk": 322, "model": "weave.datafilterkey", "fields": {"key_value": "28113", "data_filter": 4}}, {"pk": 323, "model": "weave.datafilterkey", "fields": {"key_value": "28131", "data_filter": 4}}, {"pk": 324, "model": "weave.datafilterkey", "fields": {"key_value": "28139", "data_filter": 4}}, {"pk": 325, "model": "weave.datafilterkey", "fields": {"key_value": "28150", "data_filter": 4}}, {"pk": 326, "model": "weave.datafilterkey", "fields": {"key_value": "28164", "data_filter": 4}}, {"pk": 327, "model": "weave.datafilterkey", "fields": {"key_value": "28178", "data_filter": 4}}, {"pk": 328, "model": "weave.datafilterkey", "fields": {"key_value": "28179", "data_filter": 4}}, {"pk": 329, "model": "weave.datafilterkey", "fields": {"key_value": "28187", "data_filter": 4}}, {"pk": 330, "model": "weave.datafilterkey", "fields": {"key_value": "28188", "data_filter": 4}}, {"pk": 331, "model": "weave.datafilterkey", "fields": {"key_value": "28189", "data_filter": 4}}, {"pk": 332, "model": "weave.datafilterkey", "fields": {"key_value": "28193", "data_filter": 4}}, {"pk": 333, "model": "weave.datafilterkey", "fields": {"key_value": "28603", "data_filter": 4}}, {"pk": 334, "model": "weave.datafilterkey", "fields": {"key_value": "28605", "data_filter": 4}}, {"pk": 335, "model": "weave.datafilterkey", "fields": {"key_value": "28703", "data_filter": 4}}, {"pk": 336, "model": "weave.datafilterkey", "fields": {"key_value": "30104", "data_filter": 4}}, {"pk": 337, "model": "weave.datafilterkey", "fields": {"key_value": "31107", "data_filter": 4}}, {"pk": 338, "model": "weave.datafilterkey", "fields": {"key_value": "32108", "data_filter": 4}}, {"pk": 587, "model": "weave.datafilterkey", "fields": {"key_value": "MC Elem Schools", "data_filter": 2}}, {"pk": 340, "model": "weave.datafilterkey", "fields": {"key_value": "33108", "data_filter": 4}}, {"pk": 341, "model": "weave.datafilterkey", "fields": {"key_value": "35130", "data_filter": 4}}, {"pk": 342, "model": "weave.datafilterkey", "fields": {"key_value": "35134", "data_filter": 4}}, {"pk": 343, "model": "weave.datafilterkey", "fields": {"key_value": "35138", "data_filter": 4}}, {"pk": 344, "model": "weave.datafilterkey", "fields": {"key_value": "36104", "data_filter": 4}}, {"pk": 345, "model": "weave.datafilterkey", "fields": {"key_value": "38106", "data_filter": 4}}, {"pk": 346, "model": "weave.datafilterkey", "fields": {"key_value": "39123", "data_filter": 4}}, {"pk": 347, "model": "weave.datafilterkey", "fields": {"key_value": "39601", "data_filter": 4}}, {"pk": 348, "model": "weave.datafilterkey", "fields": {"key_value": "96107", "data_filter": 4}}, {"pk": 349, "model": "weave.datafilterkey", "fields": {"key_value": "97106", "data_filter": 4}}, {"pk": 350, "model": "weave.datafilterkey", "fields": {"key_value": "98101", "data_filter": 4}}, {"pk": 351, "model": "weave.datafilterkey", "fields": {"key_value": "99102", "data_filter": 4}}, {"pk": 352, "model": "weave.datafilterkey", "fields": {"key_value": "07702", "data_filter": 4}}, {"pk": 353, "model": "weave.datafilterkey", "fields": {"key_value": "18101", "data_filter": 1}}, {"pk": 354, "model": "weave.datafilterkey", "fields": {"key_value": "23601", "data_filter": 1}}, {"pk": 355, "model": "weave.datafilterkey", "fields": {"key_value": "28601", "data_filter": 1}}, {"pk": 356, "model": "weave.datafilterkey", "fields": {"key_value": "28602", "data_filter": 1}}, {"pk": 357, "model": "weave.datafilterkey", "fields": {"key_value": "22101", "data_filter": 1}}, {"pk": 358, "model": "weave.datafilterkey", "fields": {"key_value": "28170", "data_filter": 1}}, {"pk": 359, "model": "weave.datafilterkey", "fields": {"key_value": "28702", "data_filter": 1}}, {"pk": 360, "model": "weave.datafilterkey", "fields": {"key_value": "01103", "data_filter": 1}}, {"pk": 361, "model": "weave.datafilterkey", "fields": {"key_value": "01104", "data_filter": 1}}, {"pk": 362, "model": "weave.datafilterkey", "fields": {"key_value": "01105", "data_filter": 1}}, {"pk": 363, "model": "weave.datafilterkey", "fields": {"key_value": "01109", "data_filter": 1}}, {"pk": 364, "model": "weave.datafilterkey", "fields": {"key_value": "03105", "data_filter": 1}}, {"pk": 365, "model": "weave.datafilterkey", "fields": {"key_value": "03107", "data_filter": 1}}, {"pk": 366, "model": "weave.datafilterkey", "fields": {"key_value": "03108", "data_filter": 1}}, {"pk": 367, "model": "weave.datafilterkey", "fields": {"key_value": "04101", "data_filter": 1}}, {"pk": 368, "model": "weave.datafilterkey", "fields": {"key_value": "04104", "data_filter": 1}}, {"pk": 369, "model": "weave.datafilterkey", "fields": {"key_value": "04105", "data_filter": 1}}, {"pk": 370, "model": "weave.datafilterkey", "fields": {"key_value": "04106", "data_filter": 1}}, {"pk": 371, "model": "weave.datafilterkey", "fields": {"key_value": "04601", "data_filter": 1}}, {"pk": 372, "model": "weave.datafilterkey", "fields": {"key_value": "06109", "data_filter": 1}}, {"pk": 373, "model": "weave.datafilterkey", "fields": {"key_value": "06112", "data_filter": 1}}, {"pk": 374, "model": "weave.datafilterkey", "fields": {"key_value": "06116", "data_filter": 1}}, {"pk": 375, "model": "weave.datafilterkey", "fields": {"key_value": "06117", "data_filter": 1}}, {"pk": 376, "model": "weave.datafilterkey", "fields": {"key_value": "06121", "data_filter": 1}}, {"pk": 377, "model": "weave.datafilterkey", "fields": {"key_value": "07103", "data_filter": 1}}, {"pk": 378, "model": "weave.datafilterkey", "fields": {"key_value": "07110", "data_filter": 1}}, {"pk": 379, "model": "weave.datafilterkey", "fields": {"key_value": "07112", "data_filter": 1}}, {"pk": 380, "model": "weave.datafilterkey", "fields": {"key_value": "07116", "data_filter": 1}}, {"pk": 381, "model": "weave.datafilterkey", "fields": {"key_value": "07117", "data_filter": 1}}, {"pk": 382, "model": "weave.datafilterkey", "fields": {"key_value": "07118", "data_filter": 1}}, {"pk": 383, "model": "weave.datafilterkey", "fields": {"key_value": "07119", "data_filter": 1}}, {"pk": 384, "model": "weave.datafilterkey", "fields": {"key_value": "07120", "data_filter": 1}}, {"pk": 385, "model": "weave.datafilterkey", "fields": {"key_value": "07121", "data_filter": 1}}, {"pk": 386, "model": "weave.datafilterkey", "fields": {"key_value": "07122", "data_filter": 1}}, {"pk": 387, "model": "weave.datafilterkey", "fields": {"key_value": "07124", "data_filter": 1}}, {"pk": 388, "model": "weave.datafilterkey", "fields": {"key_value": "07125", "data_filter": 1}}, {"pk": 389, "model": "weave.datafilterkey", "fields": {"key_value": "07127", "data_filter": 1}}, {"pk": 390, "model": "weave.datafilterkey", "fields": {"key_value": "07128", "data_filter": 1}}, {"pk": 391, "model": "weave.datafilterkey", "fields": {"key_value": "07130", "data_filter": 1}}, {"pk": 392, "model": "weave.datafilterkey", "fields": {"key_value": "07134", "data_filter": 1}}, {"pk": 393, "model": "weave.datafilterkey", "fields": {"key_value": "07136", "data_filter": 1}}, {"pk": 394, "model": "weave.datafilterkey", "fields": {"key_value": "08107", "data_filter": 1}}, {"pk": 395, "model": "weave.datafilterkey", "fields": {"key_value": "08108", "data_filter": 1}}, {"pk": 396, "model": "weave.datafilterkey", "fields": {"key_value": "08109", "data_filter": 1}}, {"pk": 397, "model": "weave.datafilterkey", "fields": {"key_value": "08110", "data_filter": 1}}, {"pk": 398, "model": "weave.datafilterkey", "fields": {"key_value": "08112", "data_filter": 1}}, {"pk": 399, "model": "weave.datafilterkey", "fields": {"key_value": "08121", "data_filter": 1}}, {"pk": 400, "model": "weave.datafilterkey", "fields": {"key_value": "08601", "data_filter": 1}}, {"pk": 401, "model": "weave.datafilterkey", "fields": {"key_value": "09102", "data_filter": 1}}, {"pk": 402, "model": "weave.datafilterkey", "fields": {"key_value": "09105", "data_filter": 1}}, {"pk": 403, "model": "weave.datafilterkey", "fields": {"key_value": "09107", "data_filter": 1}}, {"pk": 404, "model": "weave.datafilterkey", "fields": {"key_value": "09108", "data_filter": 1}}, {"pk": 405, "model": "weave.datafilterkey", "fields": {"key_value": "10111", "data_filter": 1}}, {"pk": 406, "model": "weave.datafilterkey", "fields": {"key_value": "10113", "data_filter": 1}}, {"pk": 407, "model": "weave.datafilterkey", "fields": {"key_value": "10114", "data_filter": 1}}, {"pk": 408, "model": "weave.datafilterkey", "fields": {"key_value": "10116", "data_filter": 1}}, {"pk": 409, "model": "weave.datafilterkey", "fields": {"key_value": "10117", "data_filter": 1}}, {"pk": 410, "model": "weave.datafilterkey", "fields": {"key_value": "10121", "data_filter": 1}}, {"pk": 411, "model": "weave.datafilterkey", "fields": {"key_value": "10123", "data_filter": 1}}, {"pk": 412, "model": "weave.datafilterkey", "fields": {"key_value": "10124", "data_filter": 1}}, {"pk": 413, "model": "weave.datafilterkey", "fields": {"key_value": "10125", "data_filter": 1}}, {"pk": 414, "model": "weave.datafilterkey", "fields": {"key_value": "12101", "data_filter": 1}}, {"pk": 415, "model": "weave.datafilterkey", "fields": {"key_value": "13103", "data_filter": 1}}, {"pk": 416, "model": "weave.datafilterkey", "fields": {"key_value": "13104", "data_filter": 1}}, {"pk": 417, "model": "weave.datafilterkey", "fields": {"key_value": "15102", "data_filter": 1}}, {"pk": 418, "model": "weave.datafilterkey", "fields": {"key_value": "16103", "data_filter": 1}}, {"pk": 419, "model": "weave.datafilterkey", "fields": {"key_value": "16106", "data_filter": 1}}, {"pk": 420, "model": "weave.datafilterkey", "fields": {"key_value": "16108", "data_filter": 1}}, {"pk": 421, "model": "weave.datafilterkey", "fields": {"key_value": "16109", "data_filter": 1}}, {"pk": 422, "model": "weave.datafilterkey", "fields": {"key_value": "16114", "data_filter": 1}}, {"pk": 423, "model": "weave.datafilterkey", "fields": {"key_value": "17102", "data_filter": 1}}, {"pk": 424, "model": "weave.datafilterkey", "fields": {"key_value": "17106", "data_filter": 1}}, {"pk": 425, "model": "weave.datafilterkey", "fields": {"key_value": "17109", "data_filter": 1}}, {"pk": 426, "model": "weave.datafilterkey", "fields": {"key_value": "17112", "data_filter": 1}}, {"pk": 427, "model": "weave.datafilterkey", "fields": {"key_value": "17113", "data_filter": 1}}, {"pk": 428, "model": "weave.datafilterkey", "fields": {"key_value": "17114", "data_filter": 1}}, {"pk": 429, "model": "weave.datafilterkey", "fields": {"key_value": "19106", "data_filter": 1}}, {"pk": 430, "model": "weave.datafilterkey", "fields": {"key_value": "19107", "data_filter": 1}}, {"pk": 431, "model": "weave.datafilterkey", "fields": {"key_value": "19117", "data_filter": 1}}, {"pk": 432, "model": "weave.datafilterkey", "fields": {"key_value": "20102", "data_filter": 1}}, {"pk": 433, "model": "weave.datafilterkey", "fields": {"key_value": "21102", "data_filter": 1}}, {"pk": 434, "model": "weave.datafilterkey", "fields": {"key_value": "21110", "data_filter": 1}}, {"pk": 435, "model": "weave.datafilterkey", "fields": {"key_value": "21112", "data_filter": 1}}, {"pk": 436, "model": "weave.datafilterkey", "fields": {"key_value": "21114", "data_filter": 1}}, {"pk": 437, "model": "weave.datafilterkey", "fields": {"key_value": "23107", "data_filter": 1}}, {"pk": 438, "model": "weave.datafilterkey", "fields": {"key_value": "23109", "data_filter": 1}}, {"pk": 439, "model": "weave.datafilterkey", "fields": {"key_value": "23110", "data_filter": 1}}, {"pk": 440, "model": "weave.datafilterkey", "fields": {"key_value": "23111", "data_filter": 1}}, {"pk": 441, "model": "weave.datafilterkey", "fields": {"key_value": "23113", "data_filter": 1}}, {"pk": 442, "model": "weave.datafilterkey", "fields": {"key_value": "23114", "data_filter": 1}}, {"pk": 443, "model": "weave.datafilterkey", "fields": {"key_value": "24103", "data_filter": 1}}, {"pk": 444, "model": "weave.datafilterkey", "fields": {"key_value": "24106", "data_filter": 1}}, {"pk": 445, "model": "weave.datafilterkey", "fields": {"key_value": "24107", "data_filter": 1}}, {"pk": 446, "model": "weave.datafilterkey", "fields": {"key_value": "24108", "data_filter": 1}}, {"pk": 447, "model": "weave.datafilterkey", "fields": {"key_value": "24109", "data_filter": 1}}, {"pk": 448, "model": "weave.datafilterkey", "fields": {"key_value": "24110", "data_filter": 1}}, {"pk": 449, "model": "weave.datafilterkey", "fields": {"key_value": "25106", "data_filter": 1}}, {"pk": 450, "model": "weave.datafilterkey", "fields": {"key_value": "25110", "data_filter": 1}}, {"pk": 451, "model": "weave.datafilterkey", "fields": {"key_value": "26110", "data_filter": 1}}, {"pk": 452, "model": "weave.datafilterkey", "fields": {"key_value": "26111", "data_filter": 1}}, {"pk": 453, "model": "weave.datafilterkey", "fields": {"key_value": "26113", "data_filter": 1}}, {"pk": 454, "model": "weave.datafilterkey", "fields": {"key_value": "26115", "data_filter": 1}}, {"pk": 455, "model": "weave.datafilterkey", "fields": {"key_value": "26116", "data_filter": 1}}, {"pk": 456, "model": "weave.datafilterkey", "fields": {"key_value": "26119", "data_filter": 1}}, {"pk": 457, "model": "weave.datafilterkey", "fields": {"key_value": "26120", "data_filter": 1}}, {"pk": 458, "model": "weave.datafilterkey", "fields": {"key_value": "26121", "data_filter": 1}}, {"pk": 459, "model": "weave.datafilterkey", "fields": {"key_value": "26122", "data_filter": 1}}, {"pk": 460, "model": "weave.datafilterkey", "fields": {"key_value": "26125", "data_filter": 1}}, {"pk": 461, "model": "weave.datafilterkey", "fields": {"key_value": "26601", "data_filter": 1}}, {"pk": 462, "model": "weave.datafilterkey", "fields": {"key_value": "27104", "data_filter": 1}}, {"pk": 463, "model": "weave.datafilterkey", "fields": {"key_value": "27111", "data_filter": 1}}, {"pk": 464, "model": "weave.datafilterkey", "fields": {"key_value": "27115", "data_filter": 1}}, {"pk": 465, "model": "weave.datafilterkey", "fields": {"key_value": "28102", "data_filter": 1}}, {"pk": 466, "model": "weave.datafilterkey", "fields": {"key_value": "28103", "data_filter": 1}}, {"pk": 467, "model": "weave.datafilterkey", "fields": {"key_value": "28104", "data_filter": 1}}, {"pk": 468, "model": "weave.datafilterkey", "fields": {"key_value": "28106", "data_filter": 1}}, {"pk": 469, "model": "weave.datafilterkey", "fields": {"key_value": "28115", "data_filter": 1}}, {"pk": 470, "model": "weave.datafilterkey", "fields": {"key_value": "28116", "data_filter": 1}}, {"pk": 471, "model": "weave.datafilterkey", "fields": {"key_value": "28121", "data_filter": 1}}, {"pk": 472, "model": "weave.datafilterkey", "fields": {"key_value": "28122", "data_filter": 1}}, {"pk": 473, "model": "weave.datafilterkey", "fields": {"key_value": "28127", "data_filter": 1}}, {"pk": 474, "model": "weave.datafilterkey", "fields": {"key_value": "28130", "data_filter": 1}}, {"pk": 475, "model": "weave.datafilterkey", "fields": {"key_value": "28134", "data_filter": 1}}, {"pk": 476, "model": "weave.datafilterkey", "fields": {"key_value": "28135", "data_filter": 1}}, {"pk": 477, "model": "weave.datafilterkey", "fields": {"key_value": "28138", "data_filter": 1}}, {"pk": 478, "model": "weave.datafilterkey", "fields": {"key_value": "28140", "data_filter": 1}}, {"pk": 479, "model": "weave.datafilterkey", "fields": {"key_value": "28142", "data_filter": 1}}, {"pk": 480, "model": "weave.datafilterkey", "fields": {"key_value": "28148", "data_filter": 1}}, {"pk": 481, "model": "weave.datafilterkey", "fields": {"key_value": "28151", "data_filter": 1}}, {"pk": 482, "model": "weave.datafilterkey", "fields": {"key_value": "28153", "data_filter": 1}}, {"pk": 483, "model": "weave.datafilterkey", "fields": {"key_value": "28156", "data_filter": 1}}, {"pk": 484, "model": "weave.datafilterkey", "fields": {"key_value": "28157", "data_filter": 1}}, {"pk": 485, "model": "weave.datafilterkey", "fields": {"key_value": "28158", "data_filter": 1}}, {"pk": 486, "model": "weave.datafilterkey", "fields": {"key_value": "28159", "data_filter": 1}}, {"pk": 487, "model": "weave.datafilterkey", "fields": {"key_value": "28160", "data_filter": 1}}, {"pk": 488, "model": "weave.datafilterkey", "fields": {"key_value": "28161", "data_filter": 1}}, {"pk": 489, "model": "weave.datafilterkey", "fields": {"key_value": "28162", "data_filter": 1}}, {"pk": 490, "model": "weave.datafilterkey", "fields": {"key_value": "28163", "data_filter": 1}}, {"pk": 491, "model": "weave.datafilterkey", "fields": {"key_value": "28165", "data_filter": 1}}, {"pk": 492, "model": "weave.datafilterkey", "fields": {"key_value": "28180", "data_filter": 1}}, {"pk": 493, "model": "weave.datafilterkey", "fields": {"key_value": "28181", "data_filter": 1}}, {"pk": 494, "model": "weave.datafilterkey", "fields": {"key_value": "30102", "data_filter": 1}}, {"pk": 495, "model": "weave.datafilterkey", "fields": {"key_value": "30103", "data_filter": 1}}, {"pk": 496, "model": "weave.datafilterkey", "fields": {"key_value": "30106", "data_filter": 1}}, {"pk": 497, "model": "weave.datafilterkey", "fields": {"key_value": "31103", "data_filter": 1}}, {"pk": 498, "model": "weave.datafilterkey", "fields": {"key_value": "31104", "data_filter": 1}}, {"pk": 499, "model": "weave.datafilterkey", "fields": {"key_value": "31105", "data_filter": 1}}, {"pk": 500, "model": "weave.datafilterkey", "fields": {"key_value": "31108", "data_filter": 1}}, {"pk": 501, "model": "weave.datafilterkey", "fields": {"key_value": "32103", "data_filter": 1}}, {"pk": 502, "model": "weave.datafilterkey", "fields": {"key_value": "32104", "data_filter": 1}}, {"pk": 503, "model": "weave.datafilterkey", "fields": {"key_value": "32107", "data_filter": 1}}, {"pk": 504, "model": "weave.datafilterkey", "fields": {"key_value": "32112", "data_filter": 1}}, {"pk": 505, "model": "weave.datafilterkey", "fields": {"key_value": "32113", "data_filter": 1}}, {"pk": 506, "model": "weave.datafilterkey", "fields": {"key_value": "32601", "data_filter": 1}}, {"pk": 507, "model": "weave.datafilterkey", "fields": {"key_value": "33105", "data_filter": 1}}, {"pk": 508, "model": "weave.datafilterkey", "fields": {"key_value": "33106", "data_filter": 1}}, {"pk": 509, "model": "weave.datafilterkey", "fields": {"key_value": "33107", "data_filter": 1}}, {"pk": 510, "model": "weave.datafilterkey", "fields": {"key_value": "35101", "data_filter": 1}}, {"pk": 511, "model": "weave.datafilterkey", "fields": {"key_value": "35104", "data_filter": 1}}, {"pk": 512, "model": "weave.datafilterkey", "fields": {"key_value": "35114", "data_filter": 1}}, {"pk": 513, "model": "weave.datafilterkey", "fields": {"key_value": "35119", "data_filter": 1}}, {"pk": 514, "model": "weave.datafilterkey", "fields": {"key_value": "35121", "data_filter": 1}}, {"pk": 515, "model": "weave.datafilterkey", "fields": {"key_value": "35123", "data_filter": 1}}, {"pk": 516, "model": "weave.datafilterkey", "fields": {"key_value": "35124", "data_filter": 1}}, {"pk": 517, "model": "weave.datafilterkey", "fields": {"key_value": "35125", "data_filter": 1}}, {"pk": 518, "model": "weave.datafilterkey", "fields": {"key_value": "35127", "data_filter": 1}}, {"pk": 519, "model": "weave.datafilterkey", "fields": {"key_value": "35128", "data_filter": 1}}, {"pk": 520, "model": "weave.datafilterkey", "fields": {"key_value": "35129", "data_filter": 1}}, {"pk": 521, "model": "weave.datafilterkey", "fields": {"key_value": "35131", "data_filter": 1}}, {"pk": 522, "model": "weave.datafilterkey", "fields": {"key_value": "35132", "data_filter": 1}}, {"pk": 523, "model": "weave.datafilterkey", "fields": {"key_value": "35133", "data_filter": 1}}, {"pk": 524, "model": "weave.datafilterkey", "fields": {"key_value": "35135", "data_filter": 1}}, {"pk": 525, "model": "weave.datafilterkey", "fields": {"key_value": "35136", "data_filter": 1}}, {"pk": 526, "model": "weave.datafilterkey", "fields": {"key_value": "35137", "data_filter": 1}}, {"pk": 527, "model": "weave.datafilterkey", "fields": {"key_value": "36101", "data_filter": 1}}, {"pk": 528, "model": "weave.datafilterkey", "fields": {"key_value": "36106", "data_filter": 1}}, {"pk": 529, "model": "weave.datafilterkey", "fields": {"key_value": "36109", "data_filter": 1}}, {"pk": 530, "model": "weave.datafilterkey", "fields": {"key_value": "36111", "data_filter": 1}}, {"pk": 531, "model": "weave.datafilterkey", "fields": {"key_value": "38104", "data_filter": 1}}, {"pk": 532, "model": "weave.datafilterkey", "fields": {"key_value": "38105", "data_filter": 1}}, {"pk": 533, "model": "weave.datafilterkey", "fields": {"key_value": "38109", "data_filter": 1}}, {"pk": 534, "model": "weave.datafilterkey", "fields": {"key_value": "38111", "data_filter": 1}}, {"pk": 535, "model": "weave.datafilterkey", "fields": {"key_value": "39101", "data_filter": 1}}, {"pk": 536, "model": "weave.datafilterkey", "fields": {"key_value": "39110", "data_filter": 1}}, {"pk": 537, "model": "weave.datafilterkey", "fields": {"key_value": "39112", "data_filter": 1}}, {"pk": 538, "model": "weave.datafilterkey", "fields": {"key_value": "39117", "data_filter": 1}}, {"pk": 539, "model": "weave.datafilterkey", "fields": {"key_value": "39118", "data_filter": 1}}, {"pk": 540, "model": "weave.datafilterkey", "fields": {"key_value": "39119", "data_filter": 1}}, {"pk": 541, "model": "weave.datafilterkey", "fields": {"key_value": "39120", "data_filter": 1}}, {"pk": 542, "model": "weave.datafilterkey", "fields": {"key_value": "39128", "data_filter": 1}}, {"pk": 543, "model": "weave.datafilterkey", "fields": {"key_value": "96104", "data_filter": 1}}, {"pk": 544, "model": "weave.datafilterkey", "fields": {"key_value": "96105", "data_filter": 1}}, {"pk": 545, "model": "weave.datafilterkey", "fields": {"key_value": "96106", "data_filter": 1}}, {"pk": 546, "model": "weave.datafilterkey", "fields": {"key_value": "96113", "data_filter": 1}}, {"pk": 547, "model": "weave.datafilterkey", "fields": {"key_value": "97101", "data_filter": 1}}, {"pk": 548, "model": "weave.datafilterkey", "fields": {"key_value": "97102", "data_filter": 1}}, {"pk": 549, "model": "weave.datafilterkey", "fields": {"key_value": "97103", "data_filter": 1}}, {"pk": 550, "model": "weave.datafilterkey", "fields": {"key_value": "98104", "data_filter": 1}}, {"pk": 551, "model": "weave.datafilterkey", "fields": {"key_value": "98105", "data_filter": 1}}, {"pk": 552, "model": "weave.datafilterkey", "fields": {"key_value": "98106", "data_filter": 1}}, {"pk": 553, "model": "weave.datafilterkey", "fields": {"key_value": "98107", "data_filter": 1}}, {"pk": 554, "model": "weave.datafilterkey", "fields": {"key_value": "28601", "data_filter": 2}}, {"pk": 555, "model": "weave.datafilterkey", "fields": {"key_value": "28602", "data_filter": 2}}, {"pk": 556, "model": "weave.datafilterkey", "fields": {"key_value": "28170", "data_filter": 2}}, {"pk": 557, "model": "weave.datafilterkey", "fields": {"key_value": "28702", "data_filter": 2}}, {"pk": 558, "model": "weave.datafilterkey", "fields": {"key_value": "28102", "data_filter": 2}}, {"pk": 559, "model": "weave.datafilterkey", "fields": {"key_value": "28103", "data_filter": 2}}, {"pk": 560, "model": "weave.datafilterkey", "fields": {"key_value": "28104", "data_filter": 2}}, {"pk": 561, "model": "weave.datafilterkey", "fields": {"key_value": "28106", "data_filter": 2}}, {"pk": 562, "model": "weave.datafilterkey", "fields": {"key_value": "28115", "data_filter": 2}}, {"pk": 563, "model": "weave.datafilterkey", "fields": {"key_value": "28116", "data_filter": 2}}, {"pk": 564, "model": "weave.datafilterkey", "fields": {"key_value": "28121", "data_filter": 2}}, {"pk": 565, "model": "weave.datafilterkey", "fields": {"key_value": "28122", "data_filter": 2}}, {"pk": 566, "model": "weave.datafilterkey", "fields": {"key_value": "28127", "data_filter": 2}}, {"pk": 567, "model": "weave.datafilterkey", "fields": {"key_value": "28130", "data_filter": 2}}, {"pk": 568, "model": "weave.datafilterkey", "fields": {"key_value": "28134", "data_filter": 2}}, {"pk": 569, "model": "weave.datafilterkey", "fields": {"key_value": "28135", "data_filter": 2}}, {"pk": 570, "model": "weave.datafilterkey", "fields": {"key_value": "28138", "data_filter": 2}}, {"pk": 571, "model": "weave.datafilterkey", "fields": {"key_value": "28140", "data_filter": 2}}, {"pk": 572, "model": "weave.datafilterkey", "fields": {"key_value": "28142", "data_filter": 2}}, {"pk": 573, "model": "weave.datafilterkey", "fields": {"key_value": "28148", "data_filter": 2}}, {"pk": 574, "model": "weave.datafilterkey", "fields": {"key_value": "28151", "data_filter": 2}}, {"pk": 575, "model": "weave.datafilterkey", "fields": {"key_value": "28153", "data_filter": 2}}, {"pk": 576, "model": "weave.datafilterkey", "fields": {"key_value": "28156", "data_filter": 2}}, {"pk": 577, "model": "weave.datafilterkey", "fields": {"key_value": "28157", "data_filter": 2}}, {"pk": 578, "model": "weave.datafilterkey", "fields": {"key_value": "28158", "data_filter": 2}}, {"pk": 579, "model": "weave.datafilterkey", "fields": {"key_value": "28159", "data_filter": 2}}, {"pk": 580, "model": "weave.datafilterkey", "fields": {"key_value": "28160", "data_filter": 2}}, {"pk": 581, "model": "weave.datafilterkey", "fields": {"key_value": "28161", "data_filter": 2}}, {"pk": 582, "model": "weave.datafilterkey", "fields": {"key_value": "28162", "data_filter": 2}}, {"pk": 583, "model": "weave.datafilterkey", "fields": {"key_value": "28163", "data_filter": 2}}, {"pk": 584, "model": "weave.datafilterkey", "fields": {"key_value": "28165", "data_filter": 2}}, {"pk": 585, "model": "weave.datafilterkey", "fields": {"key_value": "28180", "data_filter": 2}}, {"pk": 586, "model": "weave.datafilterkey", "fields": {"key_value": "28181", "data_filter": 2}}, {"pk": 588, "model": "weave.datafilterkey", "fields": {"key_value": "MC Elem Schools", "data_filter": 1}}, {"pk": 14, "model": "weave.keyunittype", "fields": {"name": "StateFIPS"}}, {"pk": 19, "model": "weave.keyunittype", "fields": {"name": "DCYF Risk Group - Statewide"}}, {"pk": 20, "model": "weave.keyunittype", "fields": {"name": "DCYF Risk Group - Statewide by Grade"}}, {"pk": 21, "model": "weave.keyunittype", "fields": {"name": "RI Tracts - Census 2000"}}, {"pk": 22, "model": "weave.keyunittype", "fields": {"name": "U.S. States"}}, {"pk": 15, "model": "weave.keyunittype", "fields": {"name": "School"}}, {"pk": 18, "model": "weave.keyunittype", "fields": {"name": "Geo2000_RItracts"}}, {"pk": 8, "model": "weave.keyunittype", "fields": {"name": "Statewide Gr 6-12"}}, {"pk": 10, "model": "weave.keyunittype", "fields": {"name": "Risk Groups - 3"}}, {"pk": 156, "model": "weave.datatable", "fields": {"key_unit_type": "DCYF Risk Group - Statewide", "name": "DCYF Risk Group - Statewide"}}, {"pk": 157, "model": "weave.datatable", "fields": {"key_unit_type": "DCYF Risk Group - Statewide by Grade", "name": "DCYF Risk Group - Statewide by Grade"}}, {"pk": 158, "model": "weave.datatable", "fields": {"key_unit_type": "RI Tracts - Census 2000", "name": "RI Tracts - Census 2000"}}, {"pk": 159, "model": "weave.datatable", "fields": {"key_unit_type": "School", "name": "School"}}, {"pk": 160, "model": "weave.datatable", "fields": {"key_unit_type": "U.S. States", "name": "U.S. States"}}, {"pk": 161, "model": "weave.datatable", "fields": {"key_unit_type": "School", "name": "School - Middle Schools"}}, {"pk": 162, "model": "weave.datatable", "fields": {"key_unit_type": "School", "name": "School - High Schools"}}, {"pk": 163, "model": "weave.datatable", "fields": {"key_unit_type": "School", "name": "School - Elementary Schools"}}, {"pk": 164, "model": "weave.datatable", "fields": {"key_unit_type": "School", "name": "School - Providence Elem. Schools"}}]
